,Season,PlayerID,Contract_Type,Value
0,2020-21,203992.0,Guaranteed,18000000.0
1,2021-22,203992.0,Guaranteed,18000000.0
2,2022-23,203992.0,Guaranteed,18000000.0
3,2023-24,203992.0,Player Option,18000000.0
4,2020-21,1629164.0,Guaranteed,1701593.0
5,2021-22,1629164.0,Qualifying Offer,2126991.0
6,2020-21,1628981.0,Guaranteed,1517981.0
7,2021-22,1628981.0,Guaranteed,1782621.0
8,2022-23,1628981.0,Qualifying Offer,2228276.0
9,2020-21,1629629.0,Guaranteed,4458000.0
10,2021-22,1629629.0,Guaranteed,4670160.0
11,2022-23,1629629.0,Team Option,5954454.0
12,2023-24,1629629.0,Qualifying Offer,8109966.0
13,2020-21,203991.0,Guaranteed,16000000.0
14,2021-22,203991.0,Guaranteed,17103448.0
15,2022-23,203991.0,Guaranteed,18206896.0
16,2020-21,201568.0,Guaranteed,19500000.0
17,2021-22,201568.0,Guaranteed,20475000.0
18,2022-23,201568.0,Non-Guaranteed,21450000.0
19,2020-21,1629631.0,Guaranteed,7422000.0
20,2021-22,1629631.0,Guaranteed,7775400.0
21,2022-23,1629631.0,Team Option,9835881.0
22,2023-24,1629631.0,Qualifying Offer,12973527.0
23,2020-21,1628381.0,Guaranteed,4137302.0
24,2021-22,1628381.0,Qualifying Offer,7705447.0
25,2020-21,1628989.0,Guaranteed,2761920.0
26,2021-22,1628989.0,Guaranteed,4253357.0
27,2022-23,1628989.0,Qualifying Offer,6065287.0
28,2020-21,1629017.0,Not With Team,744684.0
29,2020-21,1627739.0,Guaranteed,4767000.0
30,2021-22,1627739.0,Player Option,5005350.0
31,2020-21,101150.0,Guaranteed,8000000.0
32,2020-21,,Guaranteed,5813640.0
33,2021-22,,Guaranteed,6104280.0
34,2022-23,,Team Option,6395160.0
35,2023-24,,Team Option,8109063.0
36,2024-25,,Qualifying Offer,10817490.0
37,2020-21,203524.0,Guaranteed,1620564.0
38,2020-21,203503.0,Guaranteed,12178571.0
39,2020-21,1629027.0,Guaranteed,6571800.0
40,2021-22,1629027.0,Guaranteed,8326471.0
41,2022-23,1629027.0,Qualifying Offer,11040900.0
42,2020-21,,Guaranteed,3458400.0
43,2021-22,,Guaranteed,3631200.0
44,2022-23,,Team Option,3804360.0
45,2023-24,,Team Option,5634257.0
46,2024-25,,Qualifying Offer,7837251.0
47,2020-21,1629035.0,Guaranteed,1517981.0
48,2021-22,1629035.0,Guaranteed,1782621.0
49,2022-23,1629035.0,Team Option,1930681.0
50,2020-21,1627743.0,Not With Team,92857.0
51,2021-22,1627743.0,Not With Team,92857.0
52,2022-23,1627743.0,Not With Team,92857.0
53,2023-24,1627743.0,Not With Team,92857.0
54,2020-21,203095.0,Guaranteed,17450000.0
55,2020-21,1629684.0,Guaranteed,2498760.0
56,2021-22,1629684.0,Guaranteed,2617800.0
57,2022-23,1629684.0,Team Option,4306281.0
58,2023-24,1629684.0,Qualifying Offer,6235495.0
59,2020-21,1627824.0,Not With Team,1039080.0
60,2021-22,1627824.0,Not With Team,1039080.0
61,2020-21,1627759.0,Guaranteed,23437500.0
62,2021-22,1627759.0,Guaranteed,25312500.0
63,2022-23,1627759.0,Guaranteed,27187500.0
64,2023-24,1627759.0,Guaranteed,29062501.0
65,2020-21,1628369.0,Guaranteed,9897120.0
66,2021-22,1628369.0,Guaranteed,28103500.0
67,2022-23,1628369.0,Guaranteed,30351780.0
68,2023-24,1628369.0,Guaranteed,32600060.0
69,2024-25,1628369.0,Guaranteed,34848340.0
70,2020-21,202689.0,Guaranteed,34379100.0
71,2021-22,202689.0,Guaranteed,36016200.0
72,2022-23,202689.0,Player Option,37653300.0
73,2020-21,1628436.0,Guaranteed,2250000.0
74,2020-21,203935.0,Guaranteed,13446428.0
75,2021-22,203935.0,Guaranteed,14339285.0
76,2020-21,1629021.0,Guaranteed,2161920.0
77,2020-21,,Guaranteed,2035800.0
78,2021-22,,Guaranteed,2137440.0
79,2022-23,,Team Option,2239200.0
80,2023-24,,Team Option,4037277.0
81,2024-25,,Qualifying Offer,5959022.0
82,2020-21,,Guaranteed,2029920.0
83,2021-22,,Guaranteed,3661976.0
84,2022-23,,Qualifying Offer,5430710.0
85,2020-21,1629641.0,Guaranteed,3631200.0
86,2021-22,1629641.0,Guaranteed,3804360.0
87,2022-23,1629641.0,Team Option,5634257.0
88,2023-24,1629641.0,Qualifying Offer,7837251.0
89,2020-21,1628400.0,Guaranteed,1752950.0
90,2021-22,1629605.0,Qualifying Offer,1669178.0
91,2021-22,1629682.0,Qualifying Offer,1669178.0
92,2020-21,202684.0,Guaranteed,9258000.0
93,2021-22,202684.0,Guaranteed,9720900.0
94,2020-21,1628993.0,Not With Team,110998.0
95,2020-21,203460.0,Not With Team,163818.0
96,2020-21,201933.0,Guaranteed,776873.0
97,2020-21,,Guaranteed,1663861.0
98,2021-22,,Qualifying Offer,4736102.0
99,2021-22,1629185.0,Qualifying Offer,1729217.0
100,2020-21,201599.0,Guaranteed,10375678.0
101,2021-22,201599.0,Guaranteed,9881598.0
102,2022-23,201599.0,Guaranteed,9821842.0
103,2020-21,202697.0,Not With Team,447155.0
104,2020-21,201935.0,Guaranteed,41254920.0
105,2021-22,201935.0,Guaranteed,44310840.0
106,2022-23,201935.0,Player Option,47366760.0
107,2020-21,201145.0,Guaranteed,1620564.0
108,2020-21,203925.0,Guaranteed,16071429.0
109,2021-22,203925.0,Guaranteed,17357143.0
110,2022-23,203925.0,Guaranteed,18642857.0
111,2023-24,203925.0,Guaranteed,19928571.0
112,2020-21,201142.0,Guaranteed,40108950.0
113,2021-22,201142.0,Guaranteed,42018900.0
114,2022-23,201142.0,Player Option,43928850.0
115,2020-21,202681.0,Guaranteed,33460350.0
116,2021-22,202681.0,Guaranteed,35053700.0
117,2022-23,202681.0,Player Option,36647050.0
118,2020-21,200746.0,Guaranteed,554988.0
119,2020-21,1629013.0,Guaranteed,2090040.0
120,2021-22,1629013.0,Guaranteed,3768342.0
121,2022-23,1629013.0,Qualifying Offer,5562073.0
122,2020-21,1629651.0,Guaranteed,1517981.0
123,2021-22,1629651.0,Guaranteed,1782621.0
124,2022-23,1629651.0,Qualifying Offer,2228276.0
125,2020-21,203943.0,Not With Team,263995.0
126,2020-21,203658.0,Not With Team,217845.0
127,2020-21,203915.0,Guaranteed,11454048.0
128,2021-22,203915.0,Player Option,12302496.0
129,2020-21,,Guaranteed,1824003.0
130,2020-21,1629076.0,Not With Team,99020.0
131,2020-21,204020.0,Guaranteed,1620564.0
132,2020-21,202687.0,Guaranteed,3500000.0
133,2020-21,202954.0,Guaranteed,2250000.0
134,2021-22,202954.0,Qualifying Offer,2812500.0
135,2020-21,1628997.0,Guaranteed,1517981.0
136,2021-22,1628997.0,Non-Guaranteed,1782621.0
137,2022-23,1628997.0,Qualifying Offer,2228821.0
138,2020-21,1628998.0,Guaranteed,1517981.0
139,2021-22,1628998.0,Non-Guaranteed,1782621.0
140,2022-23,1628998.0,Qualifying Offer,2228821.0
141,2020-21,203469.0,Guaranteed,15415730.0
142,2020-21,1628984.0,Guaranteed,1663861.0
143,2021-22,1628984.0,Qualifying Offer,4736102.0
144,2020-21,202330.0,Guaranteed,28500000.0
145,2021-22,202330.0,Guaranteed,29925000.0
146,2022-23,202330.0,Guaranteed,30075000.0
147,2023-24,202330.0,Guaranteed,31500000.0
148,2020-21,1629667.0,Guaranteed,1517981.0
149,2021-22,1629667.0,Non-Guaranteed,1782621.0
150,2022-23,1629667.0,Team Option,1930681.0
151,2020-21,,Guaranteed,7839960.0
152,2021-22,,Guaranteed,8231760.0
153,2022-23,,Team Option,8623920.0
154,2023-24,,Team Option,10900635.0
155,2024-25,,Qualifying Offer,14301633.0
156,2020-21,1628370.0,Guaranteed,5345687.0
157,2021-22,1628370.0,Qualifying Offer,7318246.0
158,2020-21,1628970.0,Guaranteed,3934320.0
159,2021-22,1628970.0,Guaranteed,5421493.0
160,2022-23,1628970.0,Qualifying Offer,7459974.0
161,2020-21,,Guaranteed,1000000.0
162,2021-22,,Guaranteed,1517981.0
163,2022-23,,Guaranteed,1782621.0
164,2023-24,,Qualifying Offer,2228270.0
165,2020-21,201587.0,Not With Team,9043478.0
166,2021-22,201587.0,Not With Team,9043478.0
167,2022-23,201587.0,Not With Team,9043478.0
168,2020-21,,Guaranteed,4023600.0
169,2021-22,,Guaranteed,4215120.0
170,2022-23,,Team Option,5808435.0
171,2023-24,,Qualifying Offer,7992407.0
172,2020-21,1626179.0,Guaranteed,18900000.0
173,2021-22,1626179.0,Guaranteed,17905263.0
174,2020-21,,Guaranteed,1350000.0
175,2021-22,,Guaranteed,1517981.0
176,2022-23,,Guaranteed,1782621.0
177,2023-24,,Team Option,1930681.0
178,2021-22,1629690.0,Qualifying Offer,1669178.0
179,2020-21,,Guaranteed,9720900.0
180,2021-22,,Player Option,10183800.0
181,2020-21,1629632.0,Guaranteed,5572680.0
182,2021-22,1629632.0,Guaranteed,5837760.0
183,2022-23,1629632.0,Team Option,7413955.0
184,2023-24,1629632.0,Qualifying Offer,9942114.0
185,2020-21,1626245.0,Guaranteed,7529020.0
186,2020-21,1628464.0,Guaranteed,5000000.0
187,2020-21,1627756.0,Guaranteed,4642800.0
188,2020-21,202066.0,Guaranteed,4767000.0
189,2020-21,1629750.0,Guaranteed,1517981.0
190,2021-22,1629750.0,Qualifying Offer,1897476.0
191,2020-21,1628374.0,Guaranteed,6731508.0
192,2021-22,1628374.0,Qualifying Offer,9026852.0
193,2020-21,202696.0,Guaranteed,26000000.0
194,2021-22,202696.0,Guaranteed,24000000.0
195,2022-23,202696.0,Guaranteed,22000000.0
196,2020-21,,Not With Team,97261.0
197,2020-21,,Guaranteed,7068360.0
198,2021-22,,Guaranteed,7422000.0
199,2022-23,,Team Option,7775400.0
200,2023-24,,Team Option,9835881.0
201,2024-25,,Qualifying Offer,12973527.0
202,2020-21,1627853.0,Guaranteed,3000000.0
203,2021-22,1627853.0,Team Option,3000000.0
204,2020-21,201152.0,Guaranteed,13545000.0
205,2021-22,201152.0,Non-Guaranteed,14190000.0
206,2020-21,203107.0,Guaranteed,10000000.0
207,2021-22,203107.0,Non-Guaranteed,10000000.0
208,2020-21,,Guaranteed,3372840.0
209,2021-22,,Guaranteed,5170564.0
210,2022-23,,Qualifying Offer,7228448.0
211,2020-21,203897.0,Guaranteed,19500000.0
212,2021-22,203897.0,Guaranteed,19500000.0
213,2020-21,203083.0,Not With Team,27957238.0
214,2020-21,1626224.0,Guaranteed,8840580.0
215,2021-22,1626224.0,Guaranteed,8133334.0
216,2022-23,1626224.0,Guaranteed,7426088.0
217,2023-24,1626224.0,Non-Guaranteed,6718842.0
218,2020-21,1629012.0,Guaranteed,4991880.0
219,2021-22,1629012.0,Guaranteed,6349671.0
220,2022-23,1629012.0,Qualifying Offer,8559357.0
221,2020-21,1628422.0,Guaranteed,2000000.0
222,2021-22,1628422.0,Non-Guaranteed,2000000.0
223,2020-21,1629636.0,Guaranteed,6720720.0
224,2021-22,1629636.0,Guaranteed,7040880.0
225,2022-23,1629636.0,Team Option,8920795.0
226,2023-24,1629636.0,Qualifying Offer,11828974.0
227,2020-21,1629731.0,Guaranteed,1517981.0
228,2021-22,1629731.0,Non-Guaranteed,1782621.0
229,2022-23,1629731.0,Team Option,1930681.0
230,2020-21,1629685.0,Guaranteed,2137440.0
231,2021-22,1629685.0,Guaranteed,2239200.0
232,2022-23,1629685.0,Team Option,4037278.0
233,2023-24,1629685.0,Qualifying Offer,5959022.0
234,2020-21,,Guaranteed,6400920.0
235,2021-22,,Guaranteed,6720720.0
236,2022-23,,Team Option,7040880.0
237,2023-24,,Team Option,8920795.0
238,2024-25,,Qualifying Offer,11828974.0
239,2020-21,1628392.0,Guaranteed,1620564.0
240,2021-22,1628392.0,Player Option,1762796.0
241,2020-21,1628386.0,Guaranteed,3909902.0
242,2021-22,1628386.0,Qualifying Offer,7705447.0
243,2020-21,2747.0,Not With Team,1456667.0
244,2021-22,2747.0,Not With Team,1456667.0
245,2020-21,201567.0,Guaranteed,31258256.0
246,2021-22,201567.0,Guaranteed,31258256.0
247,2022-23,201567.0,Guaranteed,28942830.0
248,2020-21,,Guaranteed,11709091.0
249,2021-22,,Guaranteed,10690909.0
250,2022-23,,Guaranteed,9672727.0
251,2020-21,203521.0,Guaranteed,1620564.0
252,2020-21,1626188.0,Not With Team,110998.0
253,2020-21,,Not With Team,110998.0
254,2020-21,1629730.0,Not With Team,340000.0
255,2020-21,1627752.0,Guaranteed,12250000.0
256,2021-22,1627752.0,Guaranteed,13000000.0
257,2020-21,1627748.0,Not With Team,309355.0
258,2020-21,1627812.0,Not With Team,110998.0
259,2020-21,1626246.0,Guaranteed,3500000.0
260,2020-21,,Guaranteed,4000000.0
261,2021-22,,Guaranteed,4000000.0
262,2020-21,203939.0,Guaranteed,11080125.0
263,2021-22,203939.0,Guaranteed,11080125.0
264,2022-23,203939.0,Guaranteed,11080125.0
265,2020-21,1628973.0,Guaranteed,1663861.0
266,2021-22,1628973.0,Non-Guaranteed,1802057.0
267,2020-21,,Not With Team,1620564.0
268,2020-21,200755.0,Guaranteed,13013700.0
269,2020-21,,Guaranteed,2816760.0
270,2021-22,,Guaranteed,2957520.0
271,2022-23,,Team Option,3098400.0
272,2023-24,,Team Option,4765339.0
273,2024-25,,Qualifying Offer,6762016.0
274,2020-21,1626196.0,Guaranteed,10865952.0
275,2021-22,1626196.0,Player Option,11615328.0
276,2020-21,204001.0,Guaranteed,29467800.0
277,2021-22,204001.0,Guaranteed,31650600.0
278,2022-23,204001.0,Guaranteed,33833400.0
279,2023-24,204001.0,Player Option,36016200.0
280,2020-21,1629029.0,Guaranteed,8049360.0
281,2021-22,1629029.0,Guaranteed,10174391.0
282,2022-23,1629029.0,Qualifying Offer,13348801.0
283,2020-21,1628467.0,Guaranteed,8325000.0
284,2021-22,1628467.0,Guaranteed,8825000.0
285,2022-23,1628467.0,Non-Guaranteed,9075000.0
286,2020-21,1629740.0,Guaranteed,3897436.0
287,2021-22,1629740.0,Qualifying Offer,4871795.0
288,2020-21,,Guaranteed,18975000.0
289,2020-21,203504.0,Guaranteed,3000000.0
290,2021-22,203504.0,Guaranteed,3150000.0
291,2022-23,203504.0,Player Option,3300000.0
292,2020-21,,Guaranteed,1289846.0
293,2021-22,,Guaranteed,1617981.0
294,2022-23,,Guaranteed,1782981.0
295,2023-24,,Team Option,1930681.0
296,2020-21,,Guaranteed,4100000.0
297,2021-22,,Team Option,4100000.0
298,2020-21,203932.0,Guaranteed,18136364.0
299,2021-22,203932.0,Guaranteed,16409091.0
300,2020-21,,Guaranteed,2058240.0
301,2021-22,,Guaranteed,2161152.0
302,2022-23,,Qualifying Offer,2701440.0
303,2020-21,,Guaranteed,3200000.0
304,2021-22,,Guaranteed,3200000.0
305,2022-23,,Qualifying Offer,4000000.0
306,2020-21,1629109.0,Guaranteed,2000000.0
307,2021-22,1629109.0,Non-Guaranteed,2100000.0
308,2020-21,1627750.0,Guaranteed,27285000.0
309,2021-22,1627750.0,Guaranteed,29467800.0
310,2022-23,1627750.0,Guaranteed,31650600.0
311,2023-24,1627750.0,Guaranteed,33833400.0
312,2024-25,1627750.0,Guaranteed,36016200.0
313,2020-21,203210.0,Guaranteed,7199760.0
314,2021-22,203210.0,Player Option,7559748.0
315,2020-21,201580.0,Guaranteed,4200000.0
316,2020-21,,Guaranteed,3550800.0
317,2021-22,,Guaranteed,5258735.0
318,2022-23,,Qualifying Offer,7314900.0
319,2020-21,1628420.0,Guaranteed,1723707.0
320,2021-22,1628420.0,Guaranteed,8449074.0
321,2022-23,1628420.0,Guaranteed,9125000.0
322,2023-24,1628420.0,Guaranteed,9800926.0
323,2020-21,203999.0,Guaranteed,29542010.0
324,2021-22,203999.0,Guaranteed,31579390.0
325,2022-23,203999.0,Guaranteed,33616770.0
326,2020-21,200794.0,Guaranteed,10000000.0
327,2020-21,1628408.0,Guaranteed,1762796.0
328,2021-22,1628408.0,Non-Guaranteed,1910860.0
329,2020-21,1628427.0,Guaranteed,1517981.0
330,2021-22,1628427.0,Non-Guaranteed,1782621.0
331,2022-23,1628427.0,Qualifying Offer,2228276.0
332,2020-21,203115.0,Guaranteed,13723214.0
333,2021-22,203115.0,Player Option,14669642.0
334,2020-21,,Guaranteed,2379840.0
335,2021-22,,Guaranteed,2498760.0
336,2022-23,,Team Option,2617800.0
337,2023-24,,Team Option,4306281.0
338,2024-25,,Qualifying Offer,6235495.0
339,2020-21,201933.0,Not With Team,32670565.0
340,2021-22,201933.0,Not With Team,29764126.0
341,2020-21,202709.0,Guaranteed,12600000.0
342,2021-22,202709.0,Non-Guaranteed,12600000.0
343,2020-21,,Guaranteed,898310.0
344,2021-22,,Guaranteed,1517981.0
345,2022-23,,Non-Guaranteed,1782621.0
346,2023-24,,Qualifying Offer,2228276.0
347,2020-21,,Guaranteed,5686677.0
348,2021-22,,Qualifying Offer,7705447.0
349,2020-21,203473.0,Not With Team,2866667.0
350,2021-22,203473.0,Not With Team,2866667.0
351,2022-23,203473.0,Not With Team,2866667.0
352,2023-24,203473.0,Not With Team,2866666.0
353,2024-25,203473.0,Not With Team,2866666.0
354,2020-21,1629058.0,Not With Team,2002800.0
355,2021-22,1628402.0,Qualifying Offer,1789256.0
356,2020-21,1628977.0,Guaranteed,1663861.0
357,2021-22,1628977.0,Qualifying Offer,2079826.0
358,2020-21,,Guaranteed,3121080.0
359,2021-22,,Guaranteed,3277080.0
360,2022-23,,Team Option,3433320.0
361,2023-24,,Team Option,5266713.0
362,2024-25,,Qualifying Offer,7399732.0
363,2020-21,1626143.0,Guaranteed,1882867.0
364,2021-22,1626143.0,Guaranteed,2130023.0
365,2020-21,203924.0,Guaranteed,19050000.0
366,2021-22,203924.0,Guaranteed,20002500.0
367,2022-23,203924.0,Guaranteed,20955000.0
368,2020-21,1628367.0,Guaranteed,4767000.0
369,2021-22,1628367.0,Guaranteed,5005350.0
370,2020-21,,Guaranteed,5307120.0
371,2021-22,,Guaranteed,5572680.0
372,2022-23,,Team Option,5837760.0
373,2023-24,,Team Option,7413955.0
374,2024-25,,Qualifying Offer,9942114.0
375,2020-21,203486.0,Guaranteed,8000000.0
376,2021-22,203486.0,Guaranteed,8137500.0
377,2022-23,203486.0,Non-Guaranteed,8525000.0
378,2020-21,203585.0,Guaranteed,5192307.0
379,2021-22,203585.0,Non-Guaranteed,5000000.0
380,2020-21,,Guaranteed,2689920.0
381,2021-22,,Guaranteed,2824320.0
382,2022-23,,Team Option,2959080.0
383,2023-24,,Team Option,4556983.0
384,2024-25,,Qualifying Offer,6498258.0
385,2020-21,1629635.0,Guaranteed,3449400.0
386,2021-22,1629635.0,Guaranteed,3613680.0
387,2022-23,1629635.0,Team Option,5539771.0
388,2023-24,1629635.0,Qualifying Offer,7744600.0
389,2020-21,,Not With Team,99020.0
390,2020-21,201961.0,Guaranteed,1620564.0
391,2020-21,1629015.0,Not With Team,1068200.0
392,2021-22,1629015.0,Not With Team,1068200.0
393,2022-23,1629015.0,Not With Team,1068200.0
394,2020-21,1629346.0,Guaranteed,1517981.0
395,2021-22,1629346.0,Non-Guaranteed,1782621.0
396,2022-23,1629346.0,Non-Guaranteed,1930681.0
397,2020-21,203952.0,Guaranteed,29542010.0
398,2021-22,203952.0,Guaranteed,31579390.0
399,2022-23,203952.0,Guaranteed,33616770.0
400,2020-21,1627814.0,Guaranteed,1762796.0
401,2021-22,1627814.0,Non-Guaranteed,1910860.0
402,2020-21,203110.0,Guaranteed,22246956.0
403,2021-22,203110.0,Guaranteed,24026712.0
404,2022-23,203110.0,Guaranteed,25806468.0
405,2023-24,203110.0,Player Option,27586224.0
406,2020-21,1629672.0,Guaranteed,1517981.0
407,2021-22,1629672.0,Non-Guaranteed,1782621.0
408,2022-23,1629672.0,Qualifying Offer,2228276.0
409,2020-21,,Guaranteed,8730240.0
410,2021-22,,Guaranteed,9166800.0
411,2022-23,,Team Option,9603360.0
412,2023-24,,Team Option,12119440.0
413,2024-25,,Qualifying Offer,15815869.0
414,2020-21,1629673.0,Guaranteed,2063280.0
415,2021-22,1629673.0,Guaranteed,2161440.0
416,2022-23,1629673.0,Team Option,3901399.0
417,2023-24,1629673.0,Qualifying Offer,5813085.0
418,2020-21,,Guaranteed,14375000.0
419,2020-21,203145.0,Guaranteed,1620564.0
420,2020-21,1626172.0,Guaranteed,4821429.0
421,2021-22,1626172.0,Player Option,5178572.0
422,2020-21,202691.0,Guaranteed,35361360.0
423,2021-22,202691.0,Guaranteed,37980720.0
424,2022-23,202691.0,Guaranteed,40600080.0
425,2023-24,202691.0,Guaranteed,43219440.0
426,2020-21,,Guaranteed,1517981.0
427,2021-22,,Non-Guaranteed,1782621.0
428,2022-23,,Qualifying Offer,2228276.0
429,2020-21,2733.0,Not With Team,666667.0
430,2021-22,2733.0,Not With Team,666667.0
431,2020-21,201939.0,Guaranteed,43006362.0
432,2021-22,201939.0,Guaranteed,45780966.0
433,2020-21,202340.0,Guaranteed,5635000.0
434,2021-22,202340.0,Team Option,5916750.0
435,2020-21,203463.0,Not With Team,2283034.0
436,2020-21,203998.0,Not With Team,361256.0
437,2020-21,1629598.0,Not With Team,1517981.0
438,2020-21,1626174.0,Guaranteed,13015874.0
439,2021-22,1626174.0,Guaranteed,13666667.0
440,2022-23,1626174.0,Guaranteed,14317459.0
441,2020-21,203957.0,Guaranteed,9600000.0
442,2020-21,,Guaranteed,3717000.0
443,2021-22,,Guaranteed,3894000.0
444,2020-21,1629610.0,Guaranteed,1445697.0
445,2021-22,1629610.0,Team Option,1701593.0
446,2022-23,1629610.0,Qualifying Offer,2126991.0
447,2020-21,1628021.0,Guaranteed,1824003.0
448,2020-21,202326.0,Guaranteed,1620564.0
449,2020-21,,Guaranteed,6666667.0
450,2021-22,,Guaranteed,7000000.0
451,2022-23,,Non-Guaranteed,7333333.0
452,2020-21,,Guaranteed,4548280.0
453,2021-22,,Qualifying Offer,6422171.0
454,2020-21,201569.0,Guaranteed,16869276.0
455,2021-22,201569.0,Guaranteed,18218818.0
456,2022-23,201569.0,Guaranteed,19568360.0
457,2023-24,201569.0,Non-Guaranteed,20917902.0
458,2020-21,,Guaranteed,1445697.0
459,2021-22,,Non-Guaranteed,1517981.0
460,2022-23,,Team Option,1782621.0
461,2023-24,,Qualifying Offer,2228276.0
462,2020-21,1626170.0,Not With Team,50000.0
463,2020-21,202322.0,Guaranteed,41254920.0
464,2021-22,202322.0,Guaranteed,44310840.0
465,2022-23,202322.0,Player Option,47366760.0
466,2020-21,203482.0,Guaranteed,12819649.0
467,2020-21,,Guaranteed,1717981.0
468,2021-22,,Guaranteed,1782621.0
469,2022-23,,Team Option,3217631.0
470,2023-24,,Qualifying Offer,4826447.0
471,2020-21,,Guaranteed,898310.0
472,2021-22,,Non-Guaranteed,1517981.0
473,2022-23,,Team Option,1782621.0
474,2023-24,,Team Option,1930681.0
475,2020-21,,Not With Team,61528.0
476,2020-21,1628425.0,Guaranteed,1620564.0
477,2020-21,1627786.0,Not With Team,122741.0
478,2021-22,1627786.0,Not With Team,122741.0
479,2022-23,1627786.0,Not With Team,122741.0
480,2020-21,1628988.0,Guaranteed,2345640.0
481,2021-22,1628988.0,Guaranteed,3980551.0
482,2022-23,1628988.0,Qualifying Offer,5791702.0
483,2021-22,1628968.0,Qualifying Offer,1669178.0
484,2020-21,1627747.0,Guaranteed,16203704.0
485,2021-22,1627747.0,Guaranteed,17500000.0
486,2022-23,1627747.0,Guaranteed,18796296.0
487,2020-21,1627734.0,Guaranteed,19800000.0
488,2021-22,1627734.0,Guaranteed,19800000.0
489,2022-23,1627734.0,Guaranteed,19800000.0
490,2023-24,1627734.0,Guaranteed,20700000.0
491,2020-21,203926.0,Guaranteed,7333333.0
492,2020-21,1628410.0,Guaranteed,2160000.0
493,2021-22,1628410.0,Team Option,2320000.0
494,2020-21,1629048.0,Guaranteed,2957520.0
495,2021-22,1629048.0,Guaranteed,3098400.0
496,2022-23,1629048.0,Team Option,4765339.0
497,2023-24,1629048.0,Qualifying Offer,6762016.0
498,2020-21,203960.0,Guaranteed,1620564.0
499,2020-21,1629665.0,Not With Team,1517981.0
500,2020-21,203087.0,Guaranteed,10500000.0
501,2021-22,203087.0,Guaranteed,10500000.0
502,2020-21,203200.0,Guaranteed,5720400.0
503,2021-22,203200.0,Guaranteed,6006420.0
504,2022-23,203200.0,Guaranteed,6292440.0
505,2020-21,1629103.0,Guaranteed,1445697.0
506,2021-22,1629103.0,Non-Guaranteed,1701593.0
507,2022-23,1629103.0,Qualifying Offer,2126991.0
508,2020-21,1627763.0,Guaranteed,20700000.0
509,2021-22,1627763.0,Guaranteed,21700000.0
510,2022-23,1627763.0,Guaranteed,22600000.0
511,2020-21,101145.0,Not With Team,2245400.0
512,2021-22,101145.0,Not With Team,2245400.0
513,2020-21,1626167.0,Guaranteed,18000000.0
514,2021-22,1626167.0,Guaranteed,18000000.0
515,2022-23,1626167.0,Guaranteed,18000000.0
516,2020-21,1629052.0,Guaranteed,99020.0
517,2020-21,,Guaranteed,3500000.0
518,2020-21,,Guaranteed,12000000.0
519,2021-22,,Guaranteed,12940000.0
520,2021-22,1629599.0,Qualifying Offer,1669178.0
521,2020-21,,Guaranteed,898310.0
522,2021-22,,Guaranteed,1517981.0
523,2022-23,,Qualifying Offer,1919247.0
524,2020-21,202326.0,Guaranteed,110998.0
525,2020-21,1627826.0,Guaranteed,7000000.0
526,2021-22,1627826.0,Guaranteed,7518518.0
527,2022-23,1627826.0,Team Option,7518518.0
528,2020-21,202695.0,Guaranteed,34379100.0
529,2021-22,202695.0,Player Option,36016200.0
530,2020-21,1628379.0,Guaranteed,5273826.0
531,2021-22,1628379.0,Guaranteed,12727273.0
532,2022-23,1628379.0,Guaranteed,13745455.0
533,2023-24,1628379.0,Guaranteed,14763636.0
534,2024-25,1628379.0,Team Option,14763636.0
535,2020-21,,Guaranteed,14883721.0
536,2021-22,,Guaranteed,15627907.0
537,2022-23,,Guaranteed,16372093.0
538,2023-24,,Guaranteed,17116279.0
539,2020-21,201587.0,Guaranteed,1620564.0
540,2020-21,201976.0,Guaranteed,13333333.0
541,2021-22,201976.0,Guaranteed,14320987.0
542,2020-21,202335.0,Guaranteed,3077704.0
543,2020-21,202331.0,Guaranteed,35450412.0
544,2021-22,202331.0,Guaranteed,39344900.0
545,2022-23,202331.0,Guaranteed,42492492.0
546,2023-24,202331.0,Guaranteed,45640084.0
547,2024-25,202331.0,Player Option,48787676.0
548,2020-21,200765.0,Guaranteed,8250000.0
549,2021-22,200765.0,Guaranteed,8250000.0
550,2020-21,202704.0,Guaranteed,1620564.0
551,2020-21,201586.0,Guaranteed,9258000.0
552,2021-22,201586.0,Player Option,9720900.0
553,2020-21,1629611.0,Guaranteed,1517981.0
554,2021-22,1629611.0,Non-Guaranteed,1782621.0
555,2022-23,1629611.0,Team Option,1930681.0
556,2020-21,1627936.0,Guaranteed,2750000.0
557,2020-21,1628035.0,Guaranteed,1762796.0
558,2021-22,1628035.0,Non-Guaranteed,1910860.0
559,2022-23,1628035.0,Non-Guaranteed,2165298.0
560,2020-21,203083.0,Guaranteed,554988.0
561,2020-21,203076.0,Guaranteed,32742000.0
562,2021-22,203076.0,Guaranteed,35361360.0
563,2022-23,203076.0,Guaranteed,37980720.0
564,2023-24,203076.0,Guaranteed,40600080.0
565,2024-25,203076.0,Early Termination,43219440.0
566,2020-21,203463.0,Guaranteed,455090.0
567,2020-21,1627745.0,Not With Team,110998.0
568,2020-21,,Not With Team,110998.0
569,2020-21,203471.0,Guaranteed,16000000.0
570,2020-21,201162.0,Guaranteed,1620564.0
571,2020-21,1628395.0,Not With Team,580062.0
572,2020-21,,Guaranteed,12073020.0
573,2021-22,,Guaranteed,13038862.0
574,2022-23,,Non-Guaranteed,14004703.0
575,2021-22,1628961.0,Qualifying Offer,1729217.0
576,2020-21,1628398.0,Guaranteed,3562178.0
577,2021-22,1628398.0,Guaranteed,13000000.0
578,2022-23,1628398.0,Guaranteed,13000000.0
579,2023-24,1628398.0,Player Option,13000000.0
580,2020-21,2544.0,Guaranteed,39219566.0
581,2021-22,2544.0,Guaranteed,41180544.0
582,2022-23,2544.0,Guaranteed,44474988.0
583,2020-21,2736.0,Not With Team,5000000.0
584,2021-22,2736.0,Not With Team,5000000.0
585,2020-21,201188.0,Guaranteed,2564753.0
586,2021-22,201188.0,Guaranteed,2692991.0
587,2020-21,202693.0,Guaranteed,1620564.0
588,2020-21,1626149.0,Guaranteed,9258000.0
589,2021-22,1626149.0,Player Option,9720900.0
590,2020-21,1626188.0,Not With Team,1000000.0
591,2020-21,,Not With Team,797183.0
592,2020-21,,Guaranteed,1517981.0
593,2021-22,,Qualifying Offer,1897476.0
594,2020-21,202083.0,Guaranteed,3623000.0
595,2020-21,1629634.0,Guaranteed,2602920.0
596,2021-22,1629634.0,Guaranteed,2726880.0
597,2022-23,1629634.0,Team Option,4343920.0
598,2023-24,1629634.0,Qualifying Offer,6259589.0
599,2020-21,1626177.0,Not With Team,459414.0
600,2020-21,1629001.0,Guaranteed,9571712.0
601,2021-22,1629001.0,Guaranteed,8805976.0
602,2022-23,1629001.0,Guaranteed,8250000.0
603,2023-24,1629001.0,Non-Guaranteed,8000000.0
604,2020-21,,Guaranteed,1936440.0
605,2021-22,,Guaranteed,2033160.0
606,2022-23,,Team Option,2130240.0
607,2023-24,,Team Option,3845083.0
608,2024-25,,Qualifying Offer,5767625.0
609,2020-21,1628415.0,Guaranteed,11400000.0
610,2021-22,1628415.0,Guaranteed,12200000.0
611,2022-23,1628415.0,Guaranteed,11400000.0
612,2020-21,203079.0,Not With Team,12650000.0
613,2020-21,203476.0,Not With Team,16587688.0
614,2020-21,1628960.0,Guaranteed,2545320.0
615,2021-22,1628960.0,Guaranteed,4054695.0
616,2022-23,1628960.0,Qualifying Offer,5842815.0
617,2020-21,1629630.0,Guaranteed,9166800.0
618,2021-22,1629630.0,Guaranteed,9603360.0
619,2022-23,1629630.0,Team Option,12119440.0
620,2023-24,1629630.0,Qualifying Offer,15815869.0
621,2020-21,,Guaranteed,7257360.0
622,2021-22,,Guaranteed,9180560.0
623,2022-23,,Qualifying Offer,12109159.0
624,2020-21,1629723.0,Guaranteed,2100000.0
625,2021-22,1629723.0,Guaranteed,2200000.0
626,2022-23,1629723.0,Non-Guaranteed,2300000.0
627,2023-24,1629723.0,Non-Guaranteed,2400000.0
628,2020-21,202685.0,Guaranteed,15000000.0
629,2021-22,202685.0,Guaranteed,14000000.0
630,2020-21,,Guaranteed,1900000.0
631,2021-22,,Non-Guaranteed,1950000.0
632,2022-23,,Non-Guaranteed,2000000.0
633,2020-21,1626159.0,Guaranteed,13000000.0
634,2021-22,1626159.0,Team Option,13000000.0
635,2020-21,203937.0,Guaranteed,9505100.0
636,2021-22,203937.0,Guaranteed,9937150.0
637,2020-21,1626209.0,Not With Team,1977011.0
638,2020-21,1629741.0,Not With Team,2750000.0
639,2020-21,204025.0,Not With Team,110998.0
640,2020-21,1626145.0,Guaranteed,8817143.0
641,2021-22,1626145.0,Guaranteed,8376286.0
642,2020-21,,Guaranteed,1300000.0
643,2021-22,,Guaranteed,1517981.0
644,2022-23,,Guaranteed,1782621.0
645,2023-24,,Team Option,1930681.0
646,2020-21,1627773.0,Not With Team,350087.0
647,2020-21,2738.0,Guaranteed,15000000.0
648,2021-22,2738.0,Team Option,15000000.0
649,2020-21,1628389.0,Guaranteed,5115492.0
650,2021-22,1628389.0,Guaranteed,28103500.0
651,2022-23,1628389.0,Guaranteed,30351780.0
652,2023-24,1628389.0,Guaranteed,32600060.0
653,2024-25,1628389.0,Guaranteed,34848340.0
654,2020-21,1629130.0,Guaranteed,1663861.0
655,2021-22,1629130.0,Qualifying Offer,4736102.0
656,2021-22,1629216.0,Qualifying Offer,1669178.0
657,2020-21,201609.0,Guaranteed,18000000.0
658,2021-22,201609.0,Team Option,19440000.0
659,2020-21,202710.0,Guaranteed,34379100.0
660,2021-22,202710.0,Guaranteed,36016200.0
661,2022-23,202710.0,Player Option,37653300.0
662,2020-21,1629134.0,Guaranteed,1663861.0
663,2021-22,1629134.0,Qualifying Offer,4736102.0
664,2020-21,1629644.0,Guaranteed,1517981.0
665,2021-22,1629644.0,Guaranteed,1782621.0
666,2022-23,1629644.0,Qualifying Offer,2228276.0
667,2020-21,202357.0,Guaranteed,7150000.0
668,2020-21,,Guaranteed,2582160.0
669,2021-22,,Guaranteed,2711280.0
670,2022-23,,Team Option,2840160.0
671,2023-24,,Team Option,4379527.0
672,2024-25,,Qualifying Offer,6275862.0
673,2020-21,201583.0,Not With Team,5214583.0
674,2021-22,201583.0,Not With Team,5214583.0
675,2020-21,2772.0,Guaranteed,12800000.0
676,2020-21,1629639.0,Guaranteed,3822240.0
677,2021-22,1629639.0,Guaranteed,4004280.0
678,2022-23,1629639.0,Team Option,5722116.0
679,2023-24,1629639.0,Qualifying Offer,7913686.0
680,2020-21,2617.0,Guaranteed,1620564.0
681,2020-21,203506.0,Guaranteed,21000000.0
682,2020-21,1626171.0,Guaranteed,3623000.0
683,2021-22,1626171.0,Player Option,3804150.0
684,2020-21,201572.0,Guaranteed,12697675.0
685,2021-22,201572.0,Guaranteed,13302325.0
686,2022-23,201572.0,Guaranteed,13906976.0
687,2020-21,1627854.0,Guaranteed,2337145.0
688,2021-22,1627854.0,Player Option,2454002.0
689,2020-21,,Guaranteed,3044160.0
690,2021-22,,Guaranteed,4675830.0
691,2022-23,,Qualifying Offer,6602272.0
692,2020-21,203507.0,Guaranteed,27528088.0
693,2021-22,203507.0,Guaranteed,39344900.0
694,2022-23,203507.0,Guaranteed,42492492.0
695,2023-24,203507.0,Guaranteed,45640676.0
696,2024-25,203507.0,Guaranteed,48787676.0
697,2020-21,201952.0,Guaranteed,510589.0
698,2020-21,202720.0,Not With Team,3169348.0
699,2021-22,202720.0,Not With Team,3169347.0
700,2020-21,,Guaranteed,898310.0
701,2021-22,,Non-Guaranteed,1517981.0
702,2022-23,,Qualifying Offer,1919247.0
703,2020-21,201950.0,Guaranteed,25876111.0
704,2021-22,201950.0,Guaranteed,31051333.0
705,2022-23,201950.0,Guaranteed,33535440.0
706,2023-24,201950.0,Guaranteed,36019547.0
707,2024-25,201950.0,Player Option,38503654.0
708,2020-21,203114.0,Guaranteed,33051724.0
709,2021-22,203114.0,Guaranteed,35500000.0
710,2022-23,203114.0,Guaranteed,37948276.0
711,2023-24,203114.0,Player Option,40396552.0
712,2020-21,202336.0,Not With Team,1865546.0
713,2021-22,202336.0,Not With Team,1865547.0
714,2020-21,1626192.0,Guaranteed,4938273.0
715,2021-22,1626192.0,Guaranteed,5333334.0
716,2022-23,1626192.0,Player Option,5728393.0
717,2020-21,,Guaranteed,7969537.0
718,2020-21,1629066.0,Guaranteed,1780152.0
719,2021-22,1629066.0,Team Option,1861068.0
720,2020-21,,Guaranteed,898310.0
721,2021-22,,Non-Guaranteed,1517981.0
722,2022-23,,Qualifying Offer,1919247.0
723,2020-21,203648.0,Guaranteed,1701593.0
724,2021-22,203648.0,Qualifying Offer,2126991.0
725,2020-21,,Guaranteed,9757440.0
726,2021-22,,Guaranteed,10245480.0
727,2022-23,,Team Option,10733400.0
728,2023-24,,Team Option,13534817.0
729,2024-25,,Qualifying Offer,17595262.0
730,2020-21,202332.0,Not With Team,685340.0
731,2020-21,1626156.0,Guaranteed,28649250.0
732,2021-22,1626156.0,Guaranteed,30013500.0
733,2022-23,1626156.0,Guaranteed,31377750.0
734,2020-21,202334.0,Guaranteed,5005350.0
735,2020-21,,Guaranteed,1964760.0
736,2021-22,,Guaranteed,2063280.0
737,2022-23,,Team Option,2161440.0
738,2023-24,,Team Option,3901399.0
739,2024-25,,Qualifying Offer,5813085.0
740,2020-21,1627774.0,Guaranteed,3761085.0
741,2021-22,1627774.0,Guaranteed,3940184.0
742,2020-21,1629020.0,Guaranteed,1663861.0
743,2021-22,1629020.0,Qualifying Offer,2079826.0
744,2020-21,1629633.0,Guaranteed,6104280.0
745,2021-22,1629633.0,Guaranteed,6395160.0
746,2022-23,1629633.0,Team Option,8109063.0
747,2023-24,1629633.0,Qualifying Offer,10817490.0
748,2020-21,1629669.0,Guaranteed,1517981.0
749,2021-22,1629669.0,Non-Guaranteed,1782621.0
750,2022-23,1629669.0,Team Option,1930681.0
751,2021-22,1629162.0,Qualifying Offer,1669178.0
752,2020-21,1629006.0,Guaranteed,2651040.0
753,2021-22,1629006.0,Guaranteed,4087904.0
754,2022-23,1629006.0,Qualifying Offer,5857966.0
755,2020-21,1627823.0,Guaranteed,6493000.0
756,2021-22,1627823.0,Guaranteed,7012440.0
757,2022-23,1627823.0,Non-Guaranteed,7531880.0
758,2020-21,,Guaranteed,29467800.0
759,2021-22,,Guaranteed,31650600.0
760,2022-23,,Guaranteed,33833400.0
761,2023-24,,Guaranteed,36016200.0
762,2020-21,1627736.0,Guaranteed,13425895.0
763,2021-22,1627736.0,Guaranteed,14491964.0
764,2022-23,1627736.0,Guaranteed,15558035.0
765,2023-24,1627736.0,Team Option,16524106.0
766,2020-21,1629675.0,Guaranteed,1517981.0
767,2021-22,1629675.0,Non-Guaranteed,1782621.0
768,2022-23,1629675.0,Team Option,1930681.0
769,2020-21,201937.0,Guaranteed,17000000.0
770,2021-22,201937.0,Guaranteed,17800000.0
771,2020-21,1627742.0,Guaranteed,27285000.0
772,2021-22,1627742.0,Guaranteed,29467800.0
773,2022-23,1627742.0,Guaranteed,31650600.0
774,2023-24,1627742.0,Guaranteed,33833400.0
775,2024-25,1627742.0,Guaranteed,36016200.0
776,2020-21,202339.0,Guaranteed,16875000.0
777,2021-22,202339.0,Guaranteed,18125000.0
778,2022-23,202339.0,Non-Guaranteed,19375000.0
779,2020-21,202738.0,Not With Team,110998.0
780,2020-21,201949.0,Guaranteed,16047100.0
781,2020-21,1629637.0,Guaranteed,5105160.0
782,2021-22,1629637.0,Guaranteed,5348280.0
783,2022-23,1629637.0,Team Option,6803012.0
784,2023-24,1629637.0,Qualifying Offer,9170460.0
785,2020-21,1628404.0,Guaranteed,3491159.0
786,2021-22,1628404.0,Qualifying Offer,5236739.0
787,2020-21,,Guaranteed,3640200.0
788,2021-22,,Guaranteed,3822240.0
789,2022-23,,Team Option,4004280.0
790,2023-24,,Team Option,5722116.0
791,2024-25,,Qualifying Offer,7913686.0
792,2020-21,1628366.0,Guaranteed,11003782.0
793,2021-22,1628366.0,Qualifying Offer,14359936.0
794,2020-21,,Guaranteed,3113160.0
795,2021-22,,Guaranteed,3261480.0
796,2022-23,,Team Option,5009633.0
797,2023-24,,Qualifying Offer,7073602.0
798,2020-21,1628414.0,Not With Team,721484.0
799,2020-21,,Not With Team,110998.0
800,2020-21,203500.0,Guaranteed,29592695.0
801,2021-22,203500.0,Guaranteed,17073171.0
802,2022-23,203500.0,Guaranteed,17926829.0
803,2020-21,1629117.0,Guaranteed,1620564.0
804,2021-22,1629117.0,Non-Guaranteed,1762796.0
805,2020-21,,Guaranteed,1678854.0
806,2021-22,,Guaranteed,1824003.0
807,2020-21,1626195.0,Guaranteed,1620564.0
808,2020-21,1629627.0,Guaranteed,10245480.0
809,2021-22,1629627.0,Guaranteed,10733400.0
810,2022-23,1629627.0,Team Option,13534817.0
811,2023-24,1629627.0,Qualifying Offer,17595262.0
812,2020-21,202692.0,Guaranteed,6000000.0
813,2020-21,,Not With Team,25000.0
814,2020-21,201565.0,Guaranteed,7682926.0
815,2020-21,203901.0,Guaranteed,4767000.0
816,2020-21,1628373.0,Guaranteed,6176578.0
817,2021-22,1628373.0,Qualifying Offer,8326027.0
818,2020-21,,Guaranteed,2105520.0
819,2021-22,,Guaranteed,2210640.0
820,2022-23,,Team Option,2316240.0
821,2023-24,,Team Option,4171548.0
822,2024-25,,Qualifying Offer,6128004.0
823,2020-21,1628980.0,Not With Team,2017320.0
824,2021-22,1629607.0,Qualifying Offer,1669178.0
825,2020-21,201149.0,Not With Team,6431667.0
826,2021-22,201149.0,Not With Team,6431667.0
827,2020-21,203089.0,Guaranteed,110998.0
828,2020-21,203944.0,Guaranteed,18900000.0
829,2021-22,203944.0,Non-Guaranteed,19800000.0
830,2020-21,,Guaranteed,4588680.0
831,2021-22,,Guaranteed,5845978.0
832,2022-23,,Qualifying Offer,7921300.0
833,2020-21,1629011.0,Guaranteed,1663861.0
834,2021-22,1629011.0,Team Option,1802057.0
835,2020-21,203457.0,Guaranteed,5000000.0
836,2020-21,203658.0,Guaranteed,99020.0
837,2020-21,,Guaranteed,4862040.0
838,2021-22,,Guaranteed,5105160.0
839,2022-23,,Team Option,5348280.0
840,2023-24,,Team Option,6803012.0
841,2024-25,,Qualifying Offer,9170460.0
842,2020-21,1629016.0,Not With Team,1988280.0
843,2020-21,203493.0,Guaranteed,4200000.0
844,2020-21,1629628.0,Guaranteed,8231760.0
845,2021-22,1629628.0,Guaranteed,8623920.0
846,2022-23,1629628.0,Team Option,10900635.0
847,2023-24,1629628.0,Qualifying Offer,14301633.0
848,2020-21,201959.0,Guaranteed,1442968.0
849,2020-21,1628390.0,Not With Team,3944013.0
850,2020-21,,Not With Team,25000.0
851,2020-21,1629738.0,Not With Team,2619207.0
852,2020-21,201961.0,Not With Team,1000000.0
853,2020-21,1629678.0,Guaranteed,1517981.0
854,2021-22,1629678.0,Not With Team,300000.0
855,2020-21,201143.0,Guaranteed,27500000.0
856,2021-22,201143.0,Guaranteed,27000000.0
857,2022-23,201143.0,Non-Guaranteed,26500000.0
858,2020-21,,Guaranteed,2964840.0
859,2021-22,,Guaranteed,3113160.0
860,2022-23,,Team Option,3261480.0
861,2023-24,,Team Option,5009633.0
862,2024-25,,Qualifying Offer,7073602.0
863,2020-21,203085.0,Not With Team,3500000.0
864,2020-21,1629647.0,Guaranteed,2399160.0
865,2021-22,1629647.0,Guaranteed,2513040.0
866,2022-23,1629647.0,Team Option,4264629.0
867,2023-24,1629647.0,Qualifying Offer,6205035.0
868,2020-21,203121.0,Guaranteed,7000000.0
869,2020-21,1628402.0,Not With Team,250000.0
870,2020-21,1629676.0,Guaranteed,1517981.0
871,2021-22,1629676.0,Non-Guaranteed,1782621.0
872,2022-23,1629676.0,Team Option,1930681.0
873,2020-21,1627982.0,Not With Team,1620564.0
874,2020-21,1628382.0,Not With Team,5029650.0
875,2020-21,1629620.0,Guaranteed,99020.0
876,2020-21,1629026.0,Guaranteed,2000000.0
877,2021-22,1629026.0,Guaranteed,2000000.0
878,2022-23,1629026.0,Non-Guaranteed,2000000.0
879,2020-21,202713.0,Not With Team,999200.0
880,2021-22,202713.0,Not With Team,999200.0
881,2022-23,202713.0,Not With Team,999200.0
882,2020-21,1629652.0,Guaranteed,1517981.0
883,2021-22,1629652.0,Non-Guaranteed,1782621.0
884,2022-23,1629652.0,Team Option,1930681.0
885,2020-21,203086.0,Not With Team,9400000.0
886,2020-21,203488.0,Guaranteed,2283034.0
887,2020-21,1629650.0,Guaranteed,1250000.0
888,2021-22,1629650.0,Non-Guaranteed,1701593.0
889,2022-23,1629650.0,Non-Guaranteed,1846738.0
890,2023-24,1629650.0,Team Option,1997718.0
891,2020-21,202335.0,Not With Team,737067.0
892,2021-22,202335.0,Not With Team,737066.0
893,2020-21,,Guaranteed,4141320.0
894,2021-22,,Guaranteed,5495532.0
895,2022-23,,Qualifying Offer,7523383.0
896,2020-21,1629004.0,Guaranteed,1663861.0
897,2021-22,1629004.0,Qualifying Offer,2079826.0
898,2020-21,,Guaranteed,2000000.0
899,2021-22,,Guaranteed,2000000.0
900,2022-23,,Non-Guaranteed,1900000.0
901,2023-24,,Non-Guaranteed,1930681.0
902,2020-21,,Not With Team,4326825.0
903,2020-21,1628396.0,Guaranteed,3542060.0
904,2021-22,1628396.0,Qualifying Offer,5277669.0
905,2020-21,1629660.0,Guaranteed,2303040.0
906,2021-22,1629660.0,Guaranteed,2412840.0
907,2022-23,1629660.0,Team Option,4220057.0
908,2023-24,1629660.0,Qualifying Offer,6169723.0
909,2020-21,1629597.0,Not With Team,1445697.0
910,2021-22,1626184.0,Qualifying Offer,1789256.0
911,2020-21,,Guaranteed,3121080.0
912,2021-22,,Guaranteed,3277080.0
913,2022-23,,Team Option,3433320.0
914,2023-24,,Team Option,5266713.0
915,2024-25,,Qualifying Offer,7399732.0
916,2020-21,,Guaranteed,3285120.0
917,2021-22,,Guaranteed,3449400.0
918,2022-23,,Team Option,3613680.0
919,2023-24,,Team Option,5539771.0
920,2024-25,,Qualifying Offer,7744600.0
921,2020-21,,Guaranteed,61528.0
922,2020-21,1628407.0,Guaranteed,1678854.0
923,2021-22,1628407.0,Non-Guaranteed,1824003.0
924,2020-21,203914.0,Guaranteed,19160714.0
925,2021-22,203914.0,Guaranteed,20482143.0
926,2020-21,,Guaranteed,3300000.0
927,2020-21,201952.0,Not With Team,1620564.0
928,2020-21,1628371.0,Guaranteed,7362566.0
929,2021-22,1628371.0,Guaranteed,17400000.0
930,2022-23,1628371.0,Guaranteed,17400000.0
931,2023-24,1628371.0,Guaranteed,17400000.0
932,2024-25,1628371.0,Guaranteed,17400000.0
933,2020-21,203920.0,Guaranteed,3000000.0
934,2020-21,1628365.0,Guaranteed,12288697.0
935,2021-22,1628365.0,Guaranteed,16500000.0
936,2022-23,1628365.0,Guaranteed,16500000.0
937,2023-24,1628365.0,Non-Guaranteed,17000000.0
938,2020-21,,Guaranteed,3300000.0
939,2021-22,,Guaranteed,3300000.0
940,2020-21,1628964.0,Guaranteed,5969040.0
941,2021-22,1628964.0,Guaranteed,7568743.0
942,2022-23,1628964.0,Team Option,10096703.0
943,2020-21,,Guaranteed,28489239.0
944,2020-21,,Guaranteed,2193480.0
945,2021-22,,Guaranteed,2303040.0
946,2022-23,,Team Option,2412840.0
947,2023-24,,Team Option,4220057.0
948,2024-25,,Qualifying Offer,6169723.0
949,2020-21,203082.0,Guaranteed,13500000.0
950,2021-22,203082.0,Guaranteed,12500000.0
951,2022-23,203082.0,Guaranteed,11500000.0
952,2020-21,,Guaranteed,5448840.0
953,2021-22,,Guaranteed,6920027.0
954,2022-23,,Qualifying Offer,9279756.0
955,2020-21,1627732.0,Guaranteed,30559200.0
956,2021-22,1627732.0,Guaranteed,33003936.0
957,2022-23,1627732.0,Guaranteed,35448672.0
958,2023-24,1627732.0,Guaranteed,37893408.0
959,2024-25,1627732.0,Guaranteed,40338144.0
960,2020-21,201980.0,Guaranteed,15365853.0
961,2020-21,2730.0,Guaranteed,1620564.0
962,2020-21,1627788.0,Guaranteed,1762796.0
963,2020-21,201588.0,Guaranteed,9590602.0
964,2021-22,201588.0,Non-Guaranteed,10047297.0
965,2020-21,,Guaranteed,1517981.0
966,2021-22,,Team Option,1782621.0
967,2022-23,,Qualifying Offer,2228276.0
968,2020-21,,Guaranteed,898310.0
969,2021-22,,Guaranteed,1517981.0
970,2022-23,,Non-Guaranteed,1782621.0
971,2023-24,,Qualifying Offer,2228276.0
972,2020-21,203954.0,Guaranteed,29542010.0
973,2021-22,203954.0,Guaranteed,31579390.0
974,2022-23,203954.0,Guaranteed,33616770.0
975,2020-21,1626147.0,Not With Team,125000.0
976,2020-21,1629680.0,Guaranteed,2711280.0
977,2021-22,1629680.0,Guaranteed,2840160.0
978,2022-23,1629680.0,Team Option,4379527.0
979,2023-24,1629680.0,Qualifying Offer,6275862.0
980,2020-21,203118.0,Guaranteed,5005350.0
981,2020-21,,Guaranteed,609128.0
982,2021-22,,Guaranteed,1517981.0
983,2022-23,,Non-Guaranteed,1782621.0
984,2023-24,,Qualifying Offer,2228276.0
985,2020-21,203552.0,Guaranteed,7834449.0
986,2021-22,203552.0,Guaranteed,8207518.0
987,2022-23,203552.0,Guaranteed,8496653.0
988,2020-21,1629003.0,Guaranteed,1701593.0
989,2021-22,1629003.0,Guaranteed,1846738.0
990,2022-23,1629003.0,Team Option,1997718.0
991,2020-21,202699.0,Guaranteed,34358850.0
992,2021-22,202699.0,Guaranteed,35995950.0
993,2022-23,202699.0,Guaranteed,37633050.0
994,2023-24,202699.0,Guaranteed,39270150.0
995,2020-21,,Guaranteed,2478840.0
996,2021-22,,Guaranteed,2602920.0
997,2022-23,,Team Option,2726880.0
998,2023-24,,Team Option,4343920.0
999,2024-25,,Qualifying Offer,6259589.0
1000,2020-21,1627846.0,Guaranteed,1752950.0
1001,2020-21,1629661.0,Guaranteed,4235160.0
1002,2021-22,1629661.0,Guaranteed,4437000.0
1003,2022-23,1629661.0,Team Option,5887899.0
1004,2023-24,1629661.0,Qualifying Offer,8060534.0
1005,2020-21,1626166.0,Guaranteed,1977011.0
1006,2020-21,101108.0,Guaranteed,41358814.0
1007,2021-22,101108.0,Player Option,44211146.0
1008,2020-21,1627745.0,Not With Team,785285.0
1009,2020-21,203967.0,Guaranteed,9250000.0
1010,2021-22,203967.0,Guaranteed,8510000.0
1011,2022-23,203967.0,Guaranteed,9240000.0
1012,2020-21,1629028.0,Guaranteed,10018200.0
1013,2021-22,1629028.0,Guaranteed,12632950.0
1014,2022-23,1629028.0,Qualifying Offer,16422835.0
1015,2020-21,1626164.0,Guaranteed,29467800.0
1016,2021-22,1626164.0,Guaranteed,31650600.0
1017,2022-23,1626164.0,Guaranteed,33833400.0
1018,2023-24,1626164.0,Guaranteed,36016200.0
1019,2020-21,202734.0,Guaranteed,1620564.0
1020,2020-21,1626163.0,Guaranteed,1620564.0
1021,2020-21,203109.0,Guaranteed,9258000.0
1022,2021-22,203109.0,Guaranteed,9720900.0
1023,2022-23,203109.0,Guaranteed,10183800.0
1024,2020-21,,Guaranteed,4245720.0
1025,2021-22,,Guaranteed,4458000.0
1026,2022-23,,Team Option,4670160.0
1027,2023-24,,Team Option,5954454.0
1028,2024-25,,Qualifying Offer,8109966.0
1029,2020-21,1628975.0,Guaranteed,3925000.0
1030,2021-22,1628975.0,Guaranteed,3650000.0
1031,2022-23,1628975.0,Guaranteed,3925000.0
1032,2020-21,204038.0,Guaranteed,1620564.0
1033,2020-21,1628969.0,Guaranteed,4359000.0
1034,2021-22,1628969.0,Guaranteed,5557725.0
1035,2022-23,1628969.0,Qualifying Offer,7569621.0
1036,2020-21,1628470.0,Guaranteed,1620564.0
1037,2020-21,2760.0,Not With Team,1913345.0
1038,2020-21,203094.0,Not With Team,2844430.0
1039,2021-22,203094.0,Not With Team,2844429.0
1040,2022-23,203094.0,Not With Team,2844429.0
1041,2023-24,203094.0,Not With Team,2844429.0
1042,2020-21,1629014.0,Guaranteed,2252040.0
1043,2021-22,1629014.0,Guaranteed,3938818.0
1044,2022-23,1629014.0,Qualifying Offer,5758552.0
1045,2020-21,2546.0,Guaranteed,1620564.0
1046,2020-21,,Guaranteed,898310.0
1047,2021-22,,Guaranteed,1517981.0
1048,2022-23,,Qualifying Offer,1919247.0
1049,2020-21,203468.0,Guaranteed,29354152.0
1050,2021-22,203468.0,Guaranteed,30864198.0
1051,2022-23,203468.0,Guaranteed,33333333.0
1052,2023-24,203468.0,Guaranteed,35802469.0
1053,2020-21,203081.0,Guaranteed,31626953.0
1054,2021-22,203081.0,Guaranteed,39344900.0
1055,2022-23,203081.0,Guaranteed,42492492.0
1056,2023-24,203081.0,Guaranteed,45640084.0
1057,2024-25,203081.0,Player Option,48787676.0
1058,2020-21,,Guaranteed,9258000.0
1059,2021-22,,Player Option,9720900.0
1060,2020-21,202683.0,Guaranteed,5005350.0
1061,2020-21,,Guaranteed,1620564.0
1062,2020-21,203994.0,Guaranteed,12888889.0
1063,2021-22,203994.0,Non-Guaranteed,12000000.0
1064,2020-21,1629642.0,Guaranteed,2210640.0
1065,2021-22,1629642.0,Guaranteed,2316240.0
1066,2022-23,1629642.0,Team Option,4171548.0
1067,2023-24,1629642.0,Qualifying Offer,6128004.0
1068,2020-21,1626181.0,Guaranteed,10865952.0
1069,2021-22,1626181.0,Player Option,11615328.0
1070,2020-21,203496.0,Guaranteed,12138345.0
1071,2021-22,203496.0,Guaranteed,12975471.0
1072,2020-21,1628380.0,Guaranteed,5406255.0
1073,2021-22,1628380.0,Qualifying Offer,7363319.0
1074,2020-21,1627741.0,Guaranteed,24701834.0
1075,2021-22,1627741.0,Guaranteed,22768890.0
1076,2022-23,1627741.0,Guaranteed,20835947.0
1077,2023-24,1627741.0,Guaranteed,18903003.0
1078,2020-21,1629002.0,Not With Team,50000.0
1079,2020-21,1629735.0,Guaranteed,1517981.0
1080,2021-22,1629735.0,Non-Guaranteed,1782621.0
1081,2022-23,1629735.0,Qualifying Offer,2228276.0
1082,2020-21,1628368.0,Guaranteed,8099627.0
1083,2021-22,1628368.0,Guaranteed,28103500.0
1084,2022-23,1628368.0,Guaranteed,30351780.0
1085,2023-24,1628368.0,Guaranteed,32600060.0
1086,2024-25,1628368.0,Guaranteed,34848340.0
1087,2020-21,1626153.0,Guaranteed,9000000.0
1088,2021-22,1626153.0,Guaranteed,8526316.0
1089,2020-21,203922.0,Not With Team,930930.0
1090,2020-21,203084.0,Guaranteed,22215909.0
1091,2021-22,203084.0,Guaranteed,20284091.0
1092,2022-23,203084.0,Guaranteed,18352273.0
1093,2020-21,202355.0,Guaranteed,1620564.0
1094,2020-21,203953.0,Not With Team,6500000.0
1095,2020-21,,Guaranteed,1000000.0
1096,2021-22,,Guaranteed,1517981.0
1097,2022-23,,Non-Guaranteed,1782621.0
1098,2023-24,,Qualifying Offer,2228276.0
1099,2020-21,1629713.0,Guaranteed,1517981.0
1100,2021-22,1629713.0,Non-Guaranteed,1782621.0
1101,2022-23,1629713.0,Qualifying Offer,2228276.0
1102,2020-21,1628963.0,Guaranteed,8963640.0
1103,2021-22,1628963.0,Guaranteed,11312114.0
1104,2022-23,1628963.0,Qualifying Offer,14762309.0
1105,2020-21,203090.0,Guaranteed,3623000.0
1106,2020-21,1629662.0,Not With Team,2075880.0
1107,2020-21,203658.0,Not With Team,99020.0
1108,2020-21,1626158.0,Guaranteed,5005350.0
1109,2020-21,,Guaranteed,1500000.0
1110,2021-22,,Guaranteed,1517981.0
1111,2022-23,,Non-Guaranteed,1782621.0
1112,2023-24,,Team Option,1930631.0
1113,2020-21,1629056.0,Guaranteed,1517981.0
1114,2021-22,1629056.0,Qualifying Offer,1897476.0
1115,2020-21,,Guaranteed,3831840.0
1116,2021-22,,Guaranteed,4023600.0
1117,2022-23,,Team Option,4215120.0
1118,2023-24,,Team Option,5808435.0
1119,2024-25,,Qualifying Offer,7992407.0
1120,2020-21,1629244.0,Not With Team,110998.0
1121,2020-21,1627749.0,Guaranteed,14286000.0
1122,2021-22,1627749.0,Guaranteed,15428880.0
1123,2022-23,1627749.0,Guaranteed,16571120.0
1124,2023-24,1627749.0,Guaranteed,17714000.0
1125,2020-21,201942.0,Guaranteed,27739975.0
1126,2020-21,201960.0,Not With Team,6119676.0
1127,2021-22,201960.0,Not With Team,1242340.0
1128,2020-21,1628401.0,Guaranteed,3516284.0
1129,2021-22,1628401.0,Guaranteed,15678571.0
1130,2022-23,1628401.0,Guaranteed,16892857.0
1131,2023-24,1628401.0,Guaranteed,18107143.0
1132,2024-25,1628401.0,Guaranteed,19321429.0
1133,2020-21,,Guaranteed,4033440.0
1134,2021-22,,Guaranteed,4235160.0
1135,2022-23,,Team Option,4437000.0
1136,2023-24,,Team Option,5887899.0
1137,2024-25,,Qualifying Offer,8060534.0
1138,2020-21,1629234.0,Guaranteed,1620564.0
1139,2021-22,1629234.0,Non-Guaranteed,1762796.0
1140,2022-23,1629234.0,Non-Guaranteed,1910860.0
1141,2020-21,203476.0,Guaranteed,1000000.0
1142,2020-21,1627751.0,Guaranteed,8101852.0
1143,2021-22,1627751.0,Guaranteed,8750000.0
1144,2022-23,1627751.0,Guaranteed,9398148.0
1145,2020-21,1629640.0,Guaranteed,2048040.0
1146,2021-22,1629640.0,Guaranteed,2145720.0
1147,2022-23,1629640.0,Team Option,3873025.0
1148,2023-24,1629640.0,Qualifying Offer,5809538.0
1149,2020-21,200746.0,Not With Team,16750000.0
1150,2020-21,,Guaranteed,2892000.0
1151,2021-22,,Guaranteed,4447896.0
1152,2022-23,,Qualifying Offer,6311564.0
1153,2020-21,1629677.0,Guaranteed,2824320.0
1154,2021-22,1629677.0,Guaranteed,2959080.0
1155,2022-23,1629677.0,Team Option,4556983.0
1156,2023-24,1629677.0,Qualifying Offer,6498258.0
1157,2020-21,1627737.0,Not With Team,1824003.0
1158,2020-21,201988.0,Guaranteed,13535714.0
1159,2021-22,1629683.0,Qualifying Offer,1669178.0
1160,2020-21,200752.0,Guaranteed,14500000.0
1161,2020-21,,Guaranteed,898310.0
1162,2021-22,,Guaranteed,1517981.0
1163,2022-23,,Non-Guaranteed,1782621.0
1164,2023-24,,Qualifying Offer,2228276.0
1165,2020-21,1626168.0,Guaranteed,5500000.0
1166,2020-21,203458.0,Not With Team,2258000.0
1167,2020-21,203382.0,Guaranteed,7000000.0
1168,2021-22,203382.0,Non-Guaranteed,7350000.0
1169,2020-21,1628449.0,Guaranteed,6500000.0
1170,2021-22,1628449.0,Non-Guaranteed,7020000.0
1171,2020-21,1627761.0,Guaranteed,1737145.0
1172,2021-22,1627761.0,Non-Guaranteed,1977011.0
1173,2020-21,,Not With Team,99020.0
1174,2020-21,1627832.0,Guaranteed,21250000.0
1175,2021-22,1627832.0,Guaranteed,19675926.0
1176,2022-23,1627832.0,Guaranteed,21250000.0
1177,2023-24,1627832.0,Player Option,22824074.0
1178,2020-21,,Guaranteed,1663861.0
1179,2021-22,,Qualifying Offer,2079826.0
1180,2020-21,1627740.0,Not With Team,110998.0
1181,2020-21,200768.0,Guaranteed,30500000.0
1182,2020-21,,Guaranteed,1950600.0
1183,2021-22,,Guaranteed,2048040.0
1184,2022-23,,Team Option,2145720.0
1185,2023-24,,Team Option,3873025.0
1186,2024-25,,Qualifying Offer,5809538.0
1187,2020-21,1628384.0,Guaranteed,3872215.0
1188,2021-22,1628384.0,Guaranteed,16071429.0
1189,2022-23,1628384.0,Guaranteed,17357143.0
1190,2023-24,1628384.0,Guaranteed,18642857.0
1191,2024-25,1628384.0,Player Option,19928571.0
1192,2020-21,1629052.0,Not With Team,300000.0
1193,2020-21,1627783.0,Guaranteed,30559200.0
1194,2021-22,1627783.0,Guaranteed,33003936.0
1195,2022-23,1627783.0,Guaranteed,35448672.0
1196,2023-24,1627783.0,Guaranteed,37893408.0
1197,2020-21,1627775.0,Guaranteed,4000000.0
1198,2020-21,1628778.0,Guaranteed,1445697.0
1199,2021-22,1628778.0,Non-Guaranteed,1701593.0
1200,2022-23,1628778.0,Qualifying Offer,2126991.0
1201,2020-21,203918.0,Guaranteed,10047450.0
1202,2021-22,203918.0,Non-Guaranteed,10851246.0
1203,2020-21,1626169.0,Guaranteed,3804150.0
1204,2020-21,202711.0,Guaranteed,17850000.0
1205,2021-22,202711.0,Guaranteed,18700000.0
1206,2022-23,202711.0,Guaranteed,19550000.0
1207,2020-21,202324.0,Guaranteed,9258000.0
1208,2021-22,202324.0,Guaranteed,9720900.0
1209,2022-23,202324.0,Player Option,10183800.0
1210,2020-21,1628378.0,Guaranteed,5195501.0
1211,2021-22,1628378.0,Guaranteed,28103500.0
1212,2022-23,1628378.0,Guaranteed,30351780.0
1213,2023-24,1628378.0,Guaranteed,32600060.0
1214,2024-25,1628378.0,Guaranteed,34848340.0
1215,2020-21,,Guaranteed,898310.0
1216,2021-22,,Guaranteed,1517981.0
1217,2022-23,,Qualifying Offer,1919247.0
1218,2020-21,101141.0,Guaranteed,754783.0
1219,2020-21,1627777.0,Guaranteed,1783557.0
1220,2021-22,1629714.0,Qualifying Offer,1669178.0
1221,2020-21,204060.0,Guaranteed,10863637.0
1222,2021-22,204060.0,Guaranteed,13036364.0
1223,2020-21,203903.0,Guaranteed,11500000.0
1224,2021-22,203903.0,Guaranteed,12420000.0
1225,2022-23,203903.0,Guaranteed,13340000.0
1226,2023-24,203903.0,Player Option,14260000.0
1227,2020-21,1629752.0,Guaranteed,1517981.0
1228,2021-22,1629752.0,Qualifying Offer,1897476.0
1229,2020-21,1629744.0,Guaranteed,1517981.0
1230,2021-22,1629744.0,Non-Guaranteed,1782621.0
1231,2022-23,1629744.0,Qualifying Offer,2228276.0
1232,2020-21,201144.0,Guaranteed,34502132.0
1233,2020-21,1629671.0,Guaranteed,1517981.0
1234,2021-22,1629671.0,Non-Guaranteed,1782621.0
1235,2022-23,1629671.0,Qualifying Offer,2228276.0
1236,2020-21,1626220.0,Guaranteed,8500000.0
1237,2021-22,1626220.0,Guaranteed,8800000.0
1238,2022-23,1626220.0,Guaranteed,9200000.0
1239,2023-24,1626220.0,Non-Guaranteed,9500000.0
1240,2020-21,203497.0,Guaranteed,27525281.0
1241,2021-22,203497.0,Guaranteed,35344828.0
1242,2022-23,203497.0,Guaranteed,38172414.0
1243,2023-24,203497.0,Guaranteed,41000000.0
1244,2024-25,203497.0,Guaranteed,43827586.0
1245,2020-21,1627885.0,Not With Team,770433.0
1246,2020-21,,Guaranteed,1977000.0
1247,2021-22,,Guaranteed,2075880.0
1248,2022-23,,Team Option,2174880.0
1249,2023-24,,Team Option,3923484.0
1250,2024-25,,Qualifying Offer,5818527.0
1251,2020-21,203458.0,Guaranteed,1265372.0
1252,2020-21,,Guaranteed,898310.0
1253,2021-22,,Non-Guaranteed,1517981.0
1254,2022-23,,Qualifying Offer,1919247.0
1255,2020-21,1628394.0,Not With Team,374297.0
1256,2020-21,203078.0,Guaranteed,28751774.0
1257,2021-22,203078.0,Guaranteed,33724200.0
1258,2022-23,203078.0,Player Option,36422136.0
1259,2020-21,1628990.0,Guaranteed,2443440.0
1260,2021-22,1628990.0,Guaranteed,4019459.0
1261,2022-23,1628990.0,Qualifying Offer,5820177.0
1262,2020-21,1629655.0,Guaranteed,1517981.0
1263,2021-22,1629655.0,Non-Guaranteed,1782621.0
1264,2022-23,1629655.0,Team Option,1930681.0
1265,2020-21,202722.0,Guaranteed,15000000.0
1266,2021-22,202722.0,Guaranteed,16000000.0
1267,2022-23,202722.0,Guaranteed,16000000.0
1268,2023-24,202722.0,Guaranteed,17000000.0
1269,2024-25,202722.0,Early Termination,16000000.0
1270,2020-21,,Guaranteed,4469160.0
1271,2021-22,,Guaranteed,4692840.0
1272,2022-23,,Team Option,4916160.0
1273,2023-24,,Team Option,6263188.0
1274,2024-25,,Qualifying Offer,8486620.0
1275,2021-22,1629726.0,Qualifying Offer,1669178.0
1276,2020-21,1629067.0,Guaranteed,1663861.0
1277,2021-22,1629067.0,Qualifying Offer,2079826.0
1278,2020-21,202397.0,Guaranteed,6000000.0
1279,2020-21,1629010.0,Guaranteed,3737520.0
1280,2020-21,1628395.0,Not With Team,110998.0
1281,2020-21,203526.0,Guaranteed,1620564.0
1282,2020-21,201577.0,Guaranteed,7300000.0
1283,2020-21,1629060.0,Guaranteed,4692840.0
1284,2021-22,1629060.0,Guaranteed,4916160.0
1285,2022-23,1629060.0,Team Option,6263188.0
1286,2023-24,1629060.0,Qualifying Offer,8486620.0
1287,2020-21,201566.0,Guaranteed,41358814.0
1288,2021-22,201566.0,Guaranteed,44211146.0
1289,2022-23,201566.0,Player Option,47063478.0
1290,2020-21,1628418.0,Guaranteed,8333333.0
1291,2021-22,1628418.0,Guaranteed,8666667.0
